timestamp_ms,flow_rate_ml_min
0,0.008
2,0.004
4,0.002
6,0.004
8,0.002
10,0.002
12,0.002
14,0.004
16,0.004
18,0.002
20,0.004
22,0.004
24,0.004
26,0.002
28,0.002
31,0.002
32,0.002
34,0.002
36,0.002
38,0.006
40,0.006
42,0.006
44,0.004
46,0.004
48,0.004
50,0.004
52,0.006
54,0.008
56,0.006
58,0.008
60,0.008
62,0.008
64,0.006
66,0.008
68,0.008
70,0.008
72,0.008
74,0.006
76,0.002
78,0.002
80,0.002
82,0.002
84,0.002
86,0.002
88,0.002
90,0.002
92,-0.002
94,0.002
96,0.002
98,0.002
100,0.004
102,0.006
104,0.004
106,0.006
108,0.006
110,0.006
112,0.006
114,0.008
116,0.008
118,0.012
120,0.012
122,0.01
124,0.01
126,0.01
128,0.006
130,0.006
132,0.004
134,0.006
136,0.006
138,0.004
140,0.004
142,0.004
144,0.004
146,0.002
148,0.002
150,0.002
152,0.004
154,0.002
156,0.004
158,0.004
160,0.004
162,0.006
164,0.004
166,0.006
168,0.006
170,0.006
172,0.004
174,0.004
176,0.004
178,0.002
180,0.002
182,0.002
184,0.004
186,0.004
188,0.004
190,0.004
192,0.006
194,0.006
196,0.008
198,0.008
200,0.008
202,0.01
204,0.01
206,0.01
208,0.008
210,0.008
212,0.006
214,0.006
216,0.006
218,0.006
220,0.006
222,0.006
224,0.004
226,0.002
228,0.002
230,-0.002
232,-0.002
234,-0.002
236,-0.002
238,-0.002
240,-0.002
242,0.004
244,0.002
246,0.002
248,0.004
250,0.002
252,0.004
254,0.004
256,0.004
258,0.006
260,0.004
262,0.006
264,0.01
266,0.01
268,0.01
270,0.01
272,0.01
274,0.008
276,0.01
278,0.014
280,0.012
282,0.014
284,0.014
286,0.012
288,0.014
290,0.012
292,0.01
294,0.01
296,0.01
298,0.01
300,0.012
302,0.01
304,0.01
306,0.01
308,0.01
310,0.008
312,0.006
314,0.006
316,0.006
318,0.004
320,0.004
322,0.002
324,0.002
326,0.002
328,0.002
330,0.002
332,0.002
334,0.002
336,0.004
338,0.002
340,0.004
342,0.004
344,0.004
346,0.006
348,0.004
350,0.006
352,0.004
354,0.004
356,0.004
358,0.004
360,0.004
362,0.004
364,0.004
366,0.004
368,0.004
370,0.006
372,0.004
374,0.002
376,0.002
378,0.006
380,0.004
382,0.006
384,0.004
386,0.006
388,0.006
390,0.006
392,0.006
394,0.008
396,0.01
398,0.006
400,0.008
402,0.008
404,0.01
406,0.01
408,0.012
410,0.012
412,0.01
414,0.012
416,0.01
418,0.01
420,0.008
422,0.01
424,0.008
426,0.01
428,0.012
430,0.012
432,0.012
434,0.01
436,0.01
438,0.01
440,0.01
442,0.01
444,0.008
446,0.006
448,0.006
450,0.004
452,0.006
454,0.004
456,0.002
458,0.002
460,-0.002
462,-0.002
464,-0.002
466,-0.002
468,-0.002
470,-0.002
472,-0.002
474,0.002
476,0.002
478,0.006
480,0.006
482,0.006
484,0.006
486,0.006
488,0.01
490,0.01
492,0.014
494,0.014
496,0.014
498,0.014
500,0.016
502,0.014
504,0.014
506,0.014
508,0.012
510,0.012
512,0.01
514,0.008
516,0.008
518,0.004
520,0.004
522,0.006
524,0.004
526,0.004
528,0.002
530,-0.002
532,0.002
534,0.002
536,0.002
538,0.004
540,0.004
542,0.004
544,0.002
546,0.006
548,0.006
550,0.008
552,0.006
554,0.006
556,0.008
558,0.008
560,0.008
562,0.008
564,0.006
566,0.004
568,0.006
570,0.006
572,0.006
574,0.006
576,0.008
578,0.008
580,0.01
582,0.01
584,0.01
586,0.01
588,0.008
590,0.006
592,0.008
594,0.008
596,0.008
598,0.008
600,0.006
602,0.006
604,0.004
606,0.006
608,0.004
610,0.004
612,0.002
615,-0.002
617,0.002
618,-0.002
620,-0.002
622,0.002
624,0.002
626,0.002
628,0.006
630,0.006
632,0.01
634,0.012
636,0.014
638,0.016
640,0.016
642,0.018
644,0.018
646,0.018
648,0.018
650,0.018
652,0.02
654,0.016
656,0.016
658,0.014
660,0.012
662,0.008
664,0.006
666,0.006
668,0.004
670,0.004
672,0.004
674,0.004
676,0.002
678,0.002
680,0.002
682,0.002
684,0.002
686,0.002
688,0.004
690,0.006
692,0.006
694,0.008
696,0.008
698,0.01
700,0.01
702,0.01
704,0.012
706,0.01
708,0.008
710,0.008
712,0.004
714,0.006
716,0.002
718,0.004
720,0.002
722,0.002
724,0.004
726,0.004
728,0.006
730,0.006
732,0.008
734,0.008
736,0.006
738,0.006
740,0.008
742,0.008
744,0.008
746,0.006
748,0.006
750,0.006
752,0.006
754,0.006
756,0.004
758,0.004
760,0.004
762,0.004
764,0.002
766,0.006
768,0.006
770,0.004
772,0.004
774,0.006
776,0.008
778,0.01
780,0.012
782,0.012
784,0.012
786,0.012
788,0.01
790,0.012
792,0.012
794,0.014
796,0.014
798,0.012
800,0.014
802,0.012
804,0.01
806,0.008
808,0.006
810,0.006
812,0.006
814,0.006
816,0.006
818,0.004
820,0.004
822,0.006
824,0.004
826,0.006
828,0.006
830,0.008
832,0.008
834,0.01
836,0.01
838,0.01
840,0.014
842,0.012
844,0.01
846,0.01
848,0.008
850,0.008
852,0.008
854,0.008
856,0.008
858,0.008
860,0.008
862,0.01
864,0.008
866,0.01
868,0.01
870,0.008
872,0.012
874,0.014
876,0.012
878,0.012
880,0.012
882,0.012
884,0.01
886,0.01
888,0.008
890,0.008
892,0.008
894,0.008
896,0.006
898,0.004
900,0.002
902,0.002
904,0.002
906,0.004
908,0.002
910,0.004
912,0.002
914,0.006
916,0.006
918,0.008
920,0.008
922,0.01
924,0.01
926,0.01
928,0.008
930,0.01
932,0.008
934,0.01
936,0.01
938,0.008
940,0.01
942,0.008
944,0.006
946,0.006
948,0.006
950,0.004
952,0.006
954,0.006
956,0.008
958,0.008
960,0.008
962,0.01
964,0.008
966,0.008
968,0.008
970,0.008
972,0.006
974,0.006
976,0.006
978,0.004
980,0.008
982,0.006
984,0.008
986,0.008
988,0.008
990,0.01
992,0.01
994,0.01
996,0.01
998,0.008
1000,0.01
1002,0.01
1004,0.01
1006,0.008
1008,0.01
1010,0.008
1012,0.01
1014,0.01
1016,0.012
1018,0.01
1020,0.012
1022,0.012
1024,0.012
1026,0.012
1028,0.014
1030,0.012
1032,0.01
1034,0.01
1036,0.01
1038,0.012
1040,0.012
1042,0.01
1044,0.01
1046,0.01
1048,0.008
1050,0.006
1052,0.008
1054,0.006
1056,0.008
1058,0.008
1060,0.006
1062,0.006
1064,0.008
1066,0.008
1068,0.008
1070,0.008
1072,0.008
1074,0.008
1076,0.006
1078,0.008
1080,0.006
1082,0.006
1084,0.008
1086,0.008
1088,0.008
1090,0.006
1092,0.008
1094,0.008
1096,0.008
1098,0.006
1100,0.008
1102,0.006
1104,0.006
1106,0.008
1108,0.006
1110,0.004
1112,0.006
1114,0.006
1116,0.008
1118,0.008
1120,0.008
1122,0.006
1124,0.008
1126,0.01
1128,0.012
1130,0.01
1132,0.01
1134,0.012
1136,0.012
1138,0.012
1140,0.01
1142,0.01
1144,0.008
1146,0.008
1148,0.008
1150,0.006
1152,0.006
1154,0.004
1156,0.006
1158,0.006
1160,0.004
1162,0.006
1164,0.006
1166,0.006
1168,0.008
1170,0.01
1172,0.012
1174,0.014
1176,0.014
1178,0.012
1180,0.012
1182,0.012
1184,0.014
1186,0.014
1188,0.014
1190,0.016
1192,0.014
1194,0.012
1196,0.01
1198,0.01
1200,0.01
1202,0.01
1204,0.008
1206,0.006
1208,0.006
1210,0.004
1212,0.006
1214,0.006
1216,0.006
1218,0.008
1220,0.006
1222,0.008
1224,0.01
1226,0.01
1228,0.012
1230,0.012
1232,0.012
1234,0.014
1236,0.012
1238,0.012
1240,0.012
1242,0.012
1244,0.012
1246,0.01
1248,0.01
1250,0.008
1252,0.008
1254,0.006
1256,0.006
1258,0.006
1260,0.006
1262,0.004
1264,0.006
1266,0.004
1268,0.004
1270,0.004
1272,0.004
1274,0.004
1276,0.008
1278,0.008
1280,0.006
1282,0.008
1284,0.008
1286,0.008
1288,0.008
1290,0.006
1292,0.004
1294,0.004
1296,0.006
1298,0.006
1300,0.004
1302,0.006
1304,0.006
1306,0.006
1308,0.008
1310,0.008
1312,0.008
1314,0.01
1316,0.012
1318,0.014
1320,0.014
1322,0.016
1324,0.016
1326,0.014
1328,0.014
1330,0.014
1332,0.01
1334,0.012
1336,0.01
1338,0.008
1340,0.006
1342,0.006
1344,0.004
1346,0.004
1348,0.004
1350,0.004
1352,0.004
1354,0.006
1356,0.006
1358,0.008
1360,0.01
1362,0.012
1364,0.01
1366,0.012
1368,0.012
1370,0.012
1372,0.012
1374,0.014
1376,0.014
1378,0.016
1380,0.016
1382,0.014
1384,0.012
1386,0.014
1388,0.014
1390,0.012
1392,0.012
1394,0.012
1396,0.012
1398,0.01
1400,0.01
1402,0.012
1404,0.01
1406,0.01
1408,0.008
1410,0.008
1412,0.008
1414,0.008
1416,0.01
1418,0.01
1420,0.008
1422,0.006
1424,0.006
1426,0.006
1428,0.006
1430,0.008
1432,0.006
1434,0.006
1436,0.006
1438,0.004
1440,0.004
1442,0.004
1444,0.004
1446,0.006
1448,0.006
1450,0.008
1452,0.01
1454,0.01
1456,0.01
1458,0.012
1460,0.012
1462,0.012
1464,0.012
1466,0.012
1468,0.012
1470,0.012
1472,0.012
1474,0.014
1476,0.012
1478,0.01
1480,0.01
1482,0.006
1484,0.004
1486,0.004
1488,0.002
1490,0.004
1492,0.004
1494,0.004
1496,0.002
1498,0.002
1500,0.002
1502,0.006
1504,0.006
1506,0.006
1508,0.008
1510,0.008
1512,0.008
1514,0.01
1516,0.012
1518,0.014
1520,0.014
1522,0.014
1524,0.014
1526,0.012
1528,0.012
1530,0.012
1532,0.012
1534,0.012
1536,0.012
1538,0.012
1540,0.012
1542,0.012
1544,0.012
1546,0.012
1548,0.01
1550,0.012
1552,0.01
1554,0.008
1556,0.01
1558,0.012
1560,0.01
1562,0.01
1564,0.01
1566,0.008
1568,0.008
1570,0.006
1572,0.008
1574,0.006
1576,0.008
1578,0.008
1580,0.008
1582,0.008
1584,0.006
1586,0.008
1588,0.006
1590,0.006
1592,0.006
1594,0.006
1596,0.008
1598,0.008
1600,0.01
1602,0.01
1604,0.012
1606,0.014
1608,0.014
1610,0.014
1612,0.016
1614,0.016
1616,0.014
1618,0.016
1620,0.016
1622,0.014
1624,0.014
1626,0.01
1628,0.008
1630,0.006
1632,0.008
1634,0.006
1636,0.008
1638,0.004
1640,0.006
1642,0.004
1644,0.006
1646,0.006
1648,0.008
1650,0.006
1652,0.006
1654,0.008
1656,0.006
1658,0.006
1660,0.008
1662,0.008
1664,0.01
1666,0.006
1668,0.008
1670,0.008
1672,0.01
1674,0.01
1676,0.008
1678,0.01
1680,0.012
1682,0.012
1684,0.012
1686,0.012
1688,0.012
1690,0.012
1692,0.01
1694,0.01
1696,0.01
1698,0.01
1700,0.006
1702,0.006
1704,0.006
1706,0.006
1708,0.004
1710,0.004
1712,0.004
1714,0.006
1716,0.008
1718,0.01
1720,0.008
1722,0.008
1724,0.008
1726,0.008
1728,0.008
1730,0.01
1732,0.01
1734,0.012
1736,0.012
1738,0.014
1740,0.012
1742,0.014
1744,0.014
1746,0.016
1748,0.014
1750,0.014
1752,0.016
1754,0.014
1756,0.014
1758,0.014
1760,0.014
1762,0.014
1764,0.012
1766,0.014
1768,0.014
1770,0.012
1772,0.014
1774,0.012
1776,0.01
1778,0.01
1780,0.008
1782,0.008
1784,0.006
1786,0.006
1788,0.006
1790,0.006
1792,0.006
1794,0.004
1796,0.006
1798,0.006
1800,0.006
1802,0.006
1804,0.004
1806,0.004
1808,0.006
1810,0.006
1812,0.006
1814,0.01
1816,0.008
1818,0.01
1820,0.01
1822,0.01
1824,0.012
1826,0.012
1828,0.012
1830,0.012
1832,0.012
1834,0.012
1836,0.012
1838,0.012
1840,0.012
1842,0.012
1844,0.01
1846,0.01
1848,0.008
1850,0.008
1852,0.008
1854,0.006
1856,0.008
1858,0.006
1860,0.008
1862,0.008
1864,0.008
1866,0.006
1868,0.008
1870,0.004
1872,0.006
1874,0.006
1876,0.006
1878,0.006
1880,0.006
1882,0.008
1884,0.008
1886,0.008
1888,0.008
1890,0.006
1892,0.008
1894,0.008
1896,0.01
1898,0.01
1900,0.012
1902,0.012
1904,0.01
1906,0.012
1908,0.012
1910,0.014
1912,0.014
1914,0.014
1916,0.012
1918,0.012
1920,0.012
1922,0.01
1924,0.01
1926,0.01
1928,0.008
1930,0.008
1932,0.008
1934,0.008
1936,0.01
1938,0.01
1940,0.012
1942,0.014
1944,0.014
1946,0.014
1948,0.016
1950,0.016
1952,0.016
1954,0.016
1956,0.016
1958,0.014
1960,0.012
1962,0.012
1964,0.008
1966,0.008
1968,0.008
1970,0.008
1972,0.004
1974,0.006
1976,0.006
1978,0.006
1980,0.008
1982,0.008
1984,0.01
1986,0.01
1988,0.008
1990,0.008
1992,0.01
1994,0.01
1996,0.012
1998,0.012
2000,0.012
2002,0.012
2004,0.008
2006,0.008
2008,0.008
2010,0.008
2012,0.01
2014,0.008
2016,0.006
2018,0.006
2020,0.006
2022,0.006
2024,0.006
2026,0.006
2028,0.006
2030,0.006
2032,0.008
2034,0.008
2036,0.01
2038,0.01
2040,0.01
2042,0.012
2044,0.012
2046,0.012
2048,0.012
2050,0.012
2052,0.014
2054,0.012
2056,0.012
2058,0.014
2060,0.012
2062,0.014
2064,0.012
2066,0.012
2068,0.012
2070,0.01
2072,0.01
2074,0.008
2076,0.008
2078,0.01
2080,0.01
2082,0.01
2084,0.01
2086,0.006
2088,0.008
2090,0.008
2092,0.006
2094,0.008
2096,0.008
2098,0.008
2100,0.008
2102,0.008
2104,0.01
2106,0.012
2108,0.012
2110,0.01
2112,0.01
2114,0.01
2116,0.01
2118,0.008
2120,0.01
2122,0.012
2124,0.01
2126,0.012
2128,0.012
2130,0.012
2132,0.012
2134,0.012
2136,0.012
2138,0.012
2140,0.014
2142,0.012
2144,0.01
2146,0.012
2148,0.01
2150,0.01
2152,0.01
2154,0.01
2156,0.01
2158,0.01
2160,0.008
2162,0.008
2164,0.008
2166,0.006
2168,0.006
2170,0.004
2172,0.006
2174,0.006
2176,0.006
2178,0.006
2180,0.008
2182,0.008
2184,0.008
2186,0.01
2188,0.012
2190,0.012
2192,0.012
2194,0.014
2196,0.014
2198,0.016
2200,0.016
2202,0.016
2204,0.016
2206,0.014
2208,0.014
2210,0.014
2212,0.012
2214,0.012
2216,0.01
2218,0.008
2220,0.01
2222,0.01
2224,0.008
2226,0.008
2228,0.008
2230,0.006
2232,0.006
2234,0.006
2236,0.004
2238,0.004
2240,0.006
2242,0.006
2244,0.004
2246,0.006
2248,0.008
2250,0.006
2252,0.008
2254,0.008
2256,0.008
2258,0.01
2260,0.012
2262,0.014
2264,0.012
2266,0.014
2268,0.012
2270,0.012
2272,0.014
2274,0.016
2276,0.016
2278,0.014
2280,0.014
2282,0.016
2284,0.012
2286,0.012
2288,0.012
2290,0.012
2292,0.012
2294,0.01
2296,0.008
2298,0.008
2300,0.008
2302,0.008
2304,0.006
2306,0.006
2308,0.004
2310,0.002
2312,0.004
2314,0.004
2316,0.004
2318,0.006
2320,0.008
2322,0.01
2324,0.012
2326,0.01
2328,0.012
2330,0.014
2332,0.012
2334,0.012
2336,0.014
2338,0.014
2340,0.012
2342,0.012
2344,0.012
2346,0.012
2348,0.018
2350,0.028
2352,0.038
2354,0.054
2356,0.104
2358,0.2
2360,0.382
2362,0.708
2364,1.292
2366,2.256
2368,3.724
2370,5.294
2372,6.996
2374,8.58
2376,9.262
2378,9.172
2380,8.81
2382,7.58
2384,5.594
2386,4.656
2388,4.25
2390,3.34
2392,2.508
2394,2.292
2396,2.414
2398,2.772
2400,3.738
2402,5.444
2404,7.498
2406,10.598
2408,14.566
2410,16.84
2412,17.702
2414,17.076
2416,15.388
2418,13.746
2420,12.912
2422,11.352
2424,9.802
2426,8.496
2428,7.014
2430,5.876
2432,5.042
2434,4.526
2436,4.478
2438,4.736
2440,5.4
2442,6.062
2444,6.74
2446,7.192
2448,7.144
2450,6.474
2452,5.444
2454,3.996
2456,2.104
2458,1.02
2460,0.418
2462,0.152
2464,0.016
2466,-0.052
2468,-0.056
2470,-0.01
2472,0.112
2474,0.362
2476,0.824
2478,1.868
2480,3.792
2482,6.466
2484,8.956
2486,10.254
2488,10.006
2490,7.868
2492,5.41
2494,3.65
2496,2.222
2498,1.388
2500,0.946
2502,0.736
2504,0.694
2506,0.788
2508,1.164
2510,1.86
2512,3.37
2514,5.962
2516,9.144
2518,11.344
2520,11.992
2522,10.486
2524,6.592
2526,3.714
2528,2.25
2530,1.406
2532,0.912
2534,0.682
2536,0.652
2538,0.802
2540,1.104
2542,1.614
2544,2.56
2546,3.922
2548,5.854
2550,7.706
2552,8.64
2554,8.476
2556,7.618
2558,6.014
2560,4.598
2562,3.502
2564,2.558
2566,1.95
2568,1.614
2570,1.498
2572,1.568
2574,1.896
2576,2.364
2578,3.136
2580,4.414
2582,6.112
2584,8.024
2586,9.498
2588,10.324
2590,10.4
2592,9.592
2594,8.684
2596,7.058
2598,5.342
2600,3.43
2602,1.63
2604,0.586
2606,0.18
2608,0.022
2610,-0.054
2612,-0.06
2614,0.016
2616,0.198
2618,0.684
2620,1.882
2622,4.43
2624,8.91
2626,14.448
2628,17.754
2630,18.104
2632,16.29
2634,13.226
2636,9.528
2638,6.362
2640,4.042
2642,2.552
2644,1.874
2646,1.35
2648,1.098
2650,1.08
2652,1.308
2654,1.89
2656,2.974
2658,4.724
2660,6.676
2662,8.724
2664,9.782
2666,9.668
2668,7.796
2670,4.594
2672,2.368
2674,1.36
2676,0.804
2678,0.494
2680,0.352
2682,0.324
2684,0.434
2686,0.736
2688,1.384
2690,2.666
2692,4.986
2694,8.376
2696,11.278
2698,13.066
2700,13.538
2702,12.228
2704,9.674
2706,6.968
2708,4.744
2710,3.198
2712,2.312
2714,1.668
2716,1.362
2718,1.206
2720,1.266
2722,1.606
2724,2.346
2726,3.648
2728,5.472
2730,7.006
2732,8.284
2734,8.418
2736,7.308
2738,4.708
2740,2.352
2742,1.158
2744,0.556
2746,0.252
2748,0.082
2750,0.004
2752,-0.018
2754,-0.008
2756,0.048
2758,0.168
2760,0.442
2762,1.076
2764,2.15
2766,4.368
2768,6.804
2770,9.21
2772,9.7
2774,8.204
2776,6.214
2778,4.564
2780,3.356
2782,2.65
2784,2.202
2786,1.92
2788,1.858
2790,2.0
2792,2.434
2794,3.246
2796,4.61
2798,6.442
2800,9.098
2802,11.596
2804,13.894
2806,14.698
2808,13.748
2810,11.686
2812,9.108
2814,6.318
2816,3.274
2818,1.474
2820,0.82
2822,0.446
2824,0.26
2826,0.226
2828,0.344
2830,0.668
2832,1.264
2834,2.698
2836,5.084
2838,8.434
2840,12.756
2842,15.608
2844,16.038
2846,14.602
2848,11.886
2850,9.064
2852,6.084
2854,3.816
2856,2.506
2858,1.588
2860,1.072
2862,0.818
2864,0.748
2866,0.846
2868,1.09
2870,1.552
2872,2.45
2874,3.802
2876,5.308
2878,6.562
2880,7.056
2882,6.024
2884,3.584
2886,1.918
2888,1.198
2890,0.7
2892,0.4
2894,0.28
2896,0.292
2898,0.414
2900,0.68
2902,1.34
2904,2.572
2906,4.666
2908,8.07
2910,11.358
2912,13.436
2914,13.79
2916,12.282
2918,10.14
2920,7.41
2922,5.166
2924,3.786
2926,2.708
2928,2.062
2930,1.762
2932,1.67
2934,1.882
2936,2.33
2938,3.118
2940,4.426
2942,5.964
2944,7.286
2946,7.892
2948,7.704
2950,6.586
2952,4.928
2954,3.342
2956,1.72
2958,0.802
2960,0.264
2962,0.048
2964,-0.066
2966,-0.126
2968,-0.096
2970,0.002
2972,0.114
2974,0.442
2976,1.19
2978,2.702
2980,5.386
2982,8.748
2984,11.152
2986,11.224
2988,9.626
2990,7.24
2992,5.214
2994,3.41
2996,2.21
2998,1.528
3000,1.188
3002,1.096
3004,1.238
3006,1.518
3008,2.27
3010,3.658
3012,6.076
3014,9.62
3016,13.17
3018,15.486
3020,15.692
3022,14.184
3024,11.824
3026,8.738
3028,4.84
3030,2.246
3032,1.1
3034,0.572
3036,0.302
3038,0.22
3040,0.248
3042,0.416
3044,0.814
3046,1.674
3048,3.468
3050,6.696
3052,11.364
3054,15.304
3056,16.628
3058,16.266
3060,14.122
3062,10.9
3064,7.524
3066,4.846
3068,2.952
3070,1.846
3072,1.232
3074,0.924
3076,0.814
3078,0.838
3080,1.038
3082,1.456
3084,2.192
3086,3.284
3088,4.656
3090,5.798
3092,6.564
3094,6.092
3096,4.066
3098,2.266
3100,1.338
3102,0.804
3104,0.476
3106,0.346
3108,0.36
3110,0.48
3112,0.734
3114,1.302
3116,2.39
3118,4.428
3120,7.494
3122,10.726
3124,12.34
3126,12.97
3128,12.102
3130,9.996
3132,7.512
3134,5.344
3136,3.658
3138,2.504
3140,1.75
3142,1.31
3144,1.112
3146,1.046
3148,1.116
3150,1.382
3152,1.91
3154,2.748
3156,4.01
3158,5.522
3160,6.978
3162,8.304
3164,8.696
3166,8.178
3168,6.674
3170,4.292
3172,2.118
3174,0.934
3176,0.41
3178,0.206
3180,0.066
3182,0.024
3184,0.054
3186,0.15
3188,0.374
3190,0.832
3192,1.72
3194,3.228
3196,5.944
3198,9.052
3200,11.898
3202,13.046
3204,11.66
3206,9.11
3208,6.468
3210,4.436
3212,3.31
3214,2.624
3216,2.236
3218,2.162
3220,2.416
3222,2.946
3224,3.92
3226,5.134
3228,7.108
3230,8.89
3232,10.536
3234,11.192
3236,10.81
3238,8.722
3240,5.446
3242,2.788
3244,1.484
3246,0.914
3248,0.584
3250,0.404
3252,0.412
3254,0.578
3256,0.954
3258,1.73
3260,3.108
3262,5.378
3264,8.27
3266,11.374
3268,13.716
3270,14.384
3272,12.948
3274,10.37
3276,7.422
3278,5.126
3280,3.454
3282,2.156
3284,1.404
3286,1.038
3288,0.884
3290,0.926
3292,1.172
3294,1.644
3296,2.336
3298,3.534
3300,5.0
3302,6.238
3304,7.224
3306,6.712
3308,4.468
3310,2.44
3312,1.394
3314,0.898
3316,0.578
3318,0.392
3320,0.378
3322,0.5
3324,0.798
3326,1.426
3328,2.596
3330,4.744
3332,7.542
3334,10.502
3336,12.75
3338,13.272
3340,11.68
3342,9.044
3344,6.224
3346,3.926
3348,2.454
3350,1.47
3352,0.798
3354,0.446
3356,0.254
3358,0.178
3360,0.198
3362,0.344
3364,0.742
3366,1.506
3368,3.202
3370,6.766
3372,12.144
3374,16.61
3376,17.73
3378,15.408
3380,11.694
3382,8.182
3384,4.626
3386,1.832
3388,0.59
3390,0.122
3392,-0.096
3394,-0.3
3396,-0.408
3398,-0.332
3400,-0.14
3402,0.004
3404,0.322
3406,1.28
3408,3.852
3410,9.308
3412,16.336
3414,20.802
3416,20.304
3418,16.558
3420,12.15
3422,8.094
3424,5.174
3426,3.342
3428,2.308
3430,1.748
3432,1.498
3434,1.47
3436,1.624
3438,2.082
3440,3.002
3442,4.538
3444,6.638
3446,8.622
3448,9.806
3450,9.85
3452,7.612
3454,4.404
3456,2.622
3458,1.58
3460,1.006
3462,0.674
3464,0.55
3466,0.572
3468,0.746
3470,1.126
3472,1.764
3474,3.01
3476,5.042
3478,7.642
3480,9.932
3482,11.214
3484,11.442
3486,10.402
3488,8.384
3490,6.416
3492,4.382
3494,2.92
3496,2.028
3498,1.496
3500,1.244
3502,1.224
3504,1.358
3506,1.744
3508,2.424
3510,3.45
3512,4.802
3514,6.108
3516,6.94
3518,6.918
3520,5.418
3522,3.42
3524,1.934
3526,1.212
3528,0.784
3530,0.542
3532,0.498
3534,0.616
3536,0.852
3538,1.406
3540,2.35
3542,3.684
3544,5.652
3546,7.752
3548,8.878
3550,8.622
3552,7.386
3554,5.78
3556,4.198
3558,2.658
3560,1.596
3562,0.948
3564,0.6
3566,0.446
3568,0.438
3570,0.554
3572,0.902
3574,1.508
3576,2.822
3578,5.108
3580,8.55
3582,12.44
3584,15.14
3586,15.734
3588,14.08
3590,11.612
3592,9.002
3594,6.322
3596,3.898
3598,1.818
3600,0.612
3602,0.14
3604,-0.042
3606,-0.154
3608,-0.212
3610,-0.138
3612,0.016
3614,0.316
3616,1.158
3618,3.23
3620,7.614
3622,14.508
3624,19.988
3626,21.736
3628,19.924
3630,15.804
3632,11.22
3634,7.266
3636,4.586
3638,2.834
3640,1.938
3642,1.33
3644,1.074
3646,0.968
3648,1.07
3650,1.426
3652,2.188
3654,3.6
3656,5.666
3658,7.712
3660,9.21
3662,9.842
3664,8.752
3666,5.868
3668,3.032
3670,1.576
3672,0.88
3674,0.506
3676,0.332
3678,0.296
3680,0.354
3682,0.53
3684,0.9
3686,1.578
3688,2.896
3690,5.15
3692,7.794
3694,10.242
3696,12.174
3698,12.374
3700,10.834
3702,8.17
3704,5.704
3706,3.834
3708,2.596
3710,1.934
3712,1.576
3714,1.418
3716,1.486
3718,1.81
3720,2.424
3722,3.36
3724,4.68
3726,5.904
3728,7.112
3730,7.864
3732,7.376
3734,5.026
3736,2.784
3738,1.622
3740,1.0
3742,0.624
3744,0.462
3746,0.416
3748,0.468
3750,0.616
3752,0.89
3754,1.284
3756,1.878
3758,2.726
3760,3.844
3762,4.716
3764,5.674
3766,6.004
3768,5.578
3770,4.672
3772,3.728
3774,2.954
3776,2.46
3778,2.16
3780,2.082
3782,2.198
3784,2.516
3786,3.01
3788,3.734
3790,4.682
3792,5.904
3794,7.256
3796,8.784
3798,9.842
3800,10.434
3802,10.354
3804,9.14
3806,7.63
3808,5.898
3810,3.704
3812,1.834
3814,1.024
3816,0.514
3818,0.278
3820,0.178
3822,0.208
3824,0.396
3826,0.876
3828,1.74
3830,3.362
3832,6.33
3834,10.594
3836,15.126
3838,17.108
3840,16.57
3842,14.31
3844,11.116
3846,8.172
3848,5.528
3850,3.556
3852,2.444
3854,1.638
3856,1.196
3858,1.0
3860,0.988
3862,1.148
3864,1.618
3866,2.33
3868,3.674
3870,5.518
3872,7.156
3874,8.22
3876,8.154
3878,6.288
3880,3.872
3882,2.006
3884,1.054
3886,0.634
3888,0.348
3890,0.24
3892,0.25
3894,0.356
3896,0.606
3898,1.104
3900,1.786
3902,3.472
3904,6.36
3906,9.736
3908,12.41
3910,13.458
3912,12.316
3914,9.868
3916,7.468
3918,5.086
3920,3.606
3922,2.526
3924,1.928
3926,1.652
3928,1.6
3930,1.83
3932,2.338
3934,2.94
3936,4.1
3938,5.698
3940,7.172
3942,8.046
3944,7.928
3946,6.372
3948,4.182
3950,2.164
3952,1.052
3954,0.588
3956,0.264
3958,0.112
3960,0.062
3962,0.068
3964,0.132
3966,0.266
3968,0.6
3970,1.266
3972,2.464
3974,4.822
3976,7.896
3978,10.316
3980,10.712
3982,9.098
3984,7.286
3986,5.266
3988,3.95
3990,2.84
3992,2.09
3994,1.686
3996,1.498
3998,1.512
4000,1.724
4002,2.136
4004,2.9
4006,4.404
4008,6.724
4010,9.624
4012,12.182
4014,13.256
4016,12.724
4018,11.502
4020,9.452
4022,6.434
4024,3.362
4026,1.598
4028,0.844
4030,0.464
4032,0.274
4034,0.238
4036,0.318
4038,0.544
4040,1.108
4042,2.268
4044,4.414
4046,7.948
4048,12.274
4050,15.376
4052,16.34
4054,15.014
4056,12.32
4058,9.422
4060,6.42
4062,4.23
4064,2.716
4066,1.782
4068,1.244
4070,0.98
4072,0.92
4074,1.006
4076,1.302
4078,1.926
4080,2.996
4082,4.478
4084,5.996
4086,7.014
4088,7.28
4090,6.16
4092,4.004
4094,2.122
4096,1.182
4098,0.692
4100,0.41
4102,0.312
4104,0.344
4106,0.448
4108,0.678
4110,1.184
4112,2.15
4114,4.03
4116,7.102
4118,10.446
4120,12.956
4122,13.36
4124,12.586
4126,10.26
4128,7.5
4130,5.254
4132,3.586
4134,2.55
4136,1.98
4138,1.746
4140,1.702
4142,1.888
4144,2.238
4146,2.858
4148,3.766
4150,4.966
4152,6.244
4154,7.06
4156,7.106
4158,6.498
4160,5.346
4162,3.616
4164,1.916
4166,0.808
4168,0.304
4170,0.096
4172,0.004
4174,-0.016
4176,0.026
4178,0.13
4180,0.39
4182,0.976
4184,2.172
4186,4.32
4188,7.562
4190,10.57
4192,11.834
4194,11.348
4196,9.552
4198,7.404
4200,5.264
4202,3.572
4204,2.406
4206,1.7
4208,1.332
4210,1.224
4212,1.324
4214,1.702
4216,2.496
4218,3.98
4220,6.446
4222,9.612
4224,12.338
4226,13.346
4228,12.906
4230,11.6
4232,9.408
4234,5.904
4236,2.966
4238,1.526
4240,0.864
4242,0.516
4244,0.332
4246,0.292
4248,0.392
4250,0.694
4252,1.342
4254,2.652
4256,5.012
4258,8.664
4260,12.046
4262,14.308
4264,14.91
4266,13.838
4268,11.442
4270,8.414
4272,5.762
4274,3.806
4276,2.628
4278,1.826
4280,1.3
4282,1.044
4284,1.002
4286,1.148
4288,1.54
4290,2.302
4292,3.466
4294,4.954
4296,5.952
4298,6.862
4300,6.854
4302,5.142
4304,2.876
4306,1.53
4308,0.896
4310,0.57
4312,0.37
4314,0.318
4316,0.374
4318,0.558
4320,0.934
4322,1.682
4324,3.092
4326,5.648
4328,9.118
4330,11.566
4332,13.452
4334,13.374
4336,11.53
4338,8.708
4340,6.142
4342,4.154
4344,2.878
4346,1.96
4348,1.442
4350,1.126
4352,0.972
4354,0.952
4356,1.098
4358,1.394
4360,1.904
4362,2.62
4364,3.708
4366,5.034
4368,6.302
4370,7.35
4372,7.476
4374,6.484
4376,4.94
4378,3.394
4380,2.182
4382,1.166
4384,0.566
4386,0.164
4388,-0.056
4390,-0.342
4392,-0.832
4394,-1.496
4396,-2.234
4398,-2.708
4400,-2.92
4402,-2.81
4404,-2.42
4406,-1.94
4408,-1.54
4410,-1.29
4412,-1.172
4414,-1.162
4416,-1.286
4418,-1.544
4420,-1.926
4422,-2.548
4424,-3.322
4426,-4.184
4428,-4.986
4430,-5.418
4432,-5.526
4434,-5.16
4436,-4.464
4438,-3.58
4440,-2.712
4442,-1.884
4444,-1.244
4446,-0.776
4448,-0.45
4450,-0.244
4452,-0.114
4454,-0.006
4456,0.084
4458,0.186
4460,0.294
4462,0.41
4464,0.512
4466,0.586
4468,0.656
4470,0.738
4472,0.832
4474,0.948
4476,1.096
4478,1.286
4480,1.526
4482,1.794
4484,2.012
4486,2.232
4488,2.446
4490,2.586
4492,2.658
4494,2.616
4496,2.454
4498,2.194
4500,1.882
4502,1.606
4504,1.344
4506,1.074
4508,0.84
4510,0.644
4512,0.488
4514,0.354
4516,0.244
4518,0.166
4520,0.102
4522,0.044
4524,-0.008
4526,-0.06
4528,-0.116
4530,-0.184
4532,-0.266
4534,-0.348
4536,-0.446
4538,-0.562
4540,-0.686
4542,-0.8
4544,-0.918
4546,-1.024
4548,-1.112
4550,-1.188
4552,-1.262
4554,-1.288
4556,-1.3
4558,-1.282
4560,-1.238
4562,-1.164
4564,-1.074
4566,-0.962
4568,-0.846
4570,-0.752
4572,-0.65
4574,-0.552
4576,-0.456
4578,-0.362
4580,-0.278
4582,-0.206
4584,-0.148
4586,-0.096
4588,-0.056
4590,-0.016
4592,0.024
4594,0.064
4596,0.108
4598,0.16
4600,0.22
4602,0.28
4604,0.342
4606,0.398
4608,0.448
4610,0.5
4612,0.548
4614,0.582
4616,0.612
4618,0.636
4620,0.634
4622,0.636
4624,0.626
4626,0.61
4628,0.59
4630,0.562
4632,0.53
4634,0.49
4636,0.446
4638,0.398
4640,0.36
4642,0.308
4644,0.26
4646,0.218
4648,0.174
4650,0.138
4652,0.102
4654,0.068
4656,0.04
4658,0.012
4660,-0.024
4662,-0.058
4664,-0.096
4666,-0.136
4668,-0.176
4670,-0.218
4672,-0.256
4674,-0.294
4676,-0.326
4678,-0.344
4680,-0.36
4682,-0.368
4684,-0.37
4686,-0.366
4688,-0.35
4690,-0.336
4692,-0.318
4694,-0.296
4696,-0.274
4698,-0.256
4700,-0.236
4702,-0.218
4704,-0.2
4706,-0.182
4708,-0.162
4710,-0.14
4712,-0.122
4714,-0.1
4716,-0.076
4718,-0.056
4720,-0.034
4722,-0.014
4724,0.008
4726,0.032
4728,0.052
4730,0.078
4732,0.102
4734,0.128
4736,0.152
4738,0.178
4740,0.194
4742,0.208
4744,0.22
4746,0.224
4748,0.224
4750,0.22
4752,0.218
4754,0.212
4756,0.202
4758,0.188
4760,0.172
4762,0.164
4764,0.154
4766,0.142
4768,0.13
4770,0.118
4772,0.108
4774,0.096
4776,0.084
4778,0.072
4780,0.06
4782,0.046
4784,0.034
4786,0.022
4788,0.01
4790,-0.006
4792,-0.016
4794,-0.03
4796,-0.04
4798,-0.054
4800,-0.066
4802,-0.078
4804,-0.09
4806,-0.1
4808,-0.11
4810,-0.116
4812,-0.122
4814,-0.128
4816,-0.132
4818,-0.13
4820,-0.128
4822,-0.12
4824,-0.114
4826,-0.106
4828,-0.102
4830,-0.094
4832,-0.084
4834,-0.074
4836,-0.064
4838,-0.054
4840,-0.044
4842,-0.034
4844,-0.024
4846,-0.014
4848,-0.008
4850,0.002
4852,0.01
4854,0.018
4856,0.026
4858,0.034
4860,0.04
4862,0.048
4864,0.054
4866,0.058
4868,0.064
4870,0.072
4872,0.076
4874,0.082
4876,0.086
4878,0.088
4880,0.092
4882,0.088
4884,0.088
4886,0.086
4888,0.086
4890,0.084
4892,0.078
4894,0.076
4896,0.07
4898,0.064
4900,0.056
4902,0.05
4904,0.044
4906,0.036
4908,0.03
4910,0.022
4912,0.016
4914,0.01
4916,0.002
4918,-0.004
4920,-0.01
4922,-0.016
4924,-0.022
4926,-0.026
4928,-0.028
4930,-0.032
4932,-0.036
4934,-0.036
4936,-0.038
4938,-0.04
4940,-0.042
4942,-0.038
4944,-0.04
4946,-0.04
4948,-0.038
4950,-0.034
4952,-0.032
4954,-0.032
4956,-0.028
4958,-0.026
4960,-0.026
4962,-0.024
4964,-0.018
4966,-0.016
4968,-0.012
4970,-0.008
4972,-0.006
4974,-0.004
4976,-0.002
4978,0.002
4980,0.004
4982,0.01
4984,0.014
4986,0.018
4988,0.02
4990,0.022
4992,0.022
4994,0.026
4996,0.03
4998,0.032
5000,0.034
5002,0.038
5004,0.038
5006,0.038
5008,0.04
5010,0.038
5012,0.038
5014,0.038
5016,0.038
5018,0.036
5020,0.036
5022,0.034
5024,0.03
5026,0.028
5028,0.026
5030,0.026
5032,0.024
5034,0.024
5036,0.022
5038,0.02
5040,0.02
5042,0.016
5044,0.014
5046,0.01
5048,0.008
5050,0.004
5053,-0.002
5055,-0.004
5056,-0.008
5058,-0.01
5060,-0.012
5062,-0.012
5064,-0.014
5066,-0.018
5068,-0.018
5070,-0.02
5072,-0.024
5074,-0.02
5076,-0.018
5078,-0.018
5080,-0.016
5082,-0.014
5084,-0.014
5086,-0.012
5088,-0.01
5090,-0.004
5092,-0.002
5094,-0.002
5096,0.002
5098,0.002
5100,0.006
5102,0.008
5104,0.008
5106,0.012
5108,0.012
5110,0.014
5112,0.016
5114,0.014
5116,0.016
5118,0.016
5120,0.016
5122,0.02
5124,0.02
5126,0.018
5128,0.018
5130,0.018
5132,0.02
5134,0.022
5136,0.022
5138,0.024
5140,0.024
5142,0.024
5144,0.024
5146,0.024
5148,0.022
5150,0.022
5152,0.022
5154,0.022
5156,0.018
5158,0.018
5160,0.018
5162,0.016
5164,0.014
5166,0.014
5168,0.012
5170,0.008
5172,0.008
5174,0.006
5176,0.006
5178,0.006
5180,0.006
5182,0.004
5184,0.004
5186,0.002
5189,-0.002
5191,-0.002
5192,-0.002
5194,-0.002
5196,-0.002
5198,-0.004
5200,-0.002
5202,-0.004
5204,-0.006
5206,-0.006
5208,-0.006
5210,-0.006
5212,-0.004
5214,-0.004
5216,-0.004
5218,-0.002
5220,-0.002
5222,-0.002
5224,0.002
5226,0.002
5228,0.006
5230,0.006
5232,0.008
5234,0.01
5236,0.012
5238,0.012
5240,0.016
5242,0.016
5244,0.018
5246,0.018
5248,0.016
5250,0.014
5252,0.014
5254,0.012
5256,0.014
5258,0.016
5260,0.014
5262,0.016
5264,0.012
5266,0.012
5268,0.01
5270,0.01
5272,0.01
5274,0.012
5276,0.012
5278,0.012
5280,0.014
5282,0.014
5284,0.016
5286,0.016
5288,0.016
5290,0.014
5292,0.014
5294,0.012
5296,0.012
5298,0.012
5300,0.012
5302,0.012
5304,0.012
5306,0.01
5308,0.01
5310,0.01
5312,0.008
5314,0.01
5316,0.01
5318,0.01
5320,0.01
5322,0.012
5324,0.012
5326,0.01
5328,0.01
5330,0.008
5332,0.008
5334,0.008
5336,0.008
5338,0.008
5340,0.004
5342,0.004
5344,0.004
5346,0.002
5348,0.002
5350,0.002
5352,0.002
5354,0.004
5356,0.004
5358,0.004
5360,0.004
5362,0.006
5364,0.004
5366,0.004
5368,0.004
5370,0.006
5372,0.006
5374,0.006
5376,0.01
5378,0.01
5380,0.014
5382,0.014
5384,0.014
5386,0.012
5388,0.012
5390,0.01
5392,0.012
5394,0.012
5396,0.012
5398,0.012
5400,0.01
5402,0.008
5404,0.008
5406,0.008
5408,0.008
5410,0.008
5412,0.006
5414,0.006
5416,0.006
5418,0.006
5420,0.008
5422,0.008
5424,0.01
5426,0.01
5428,0.01
5430,0.01
5432,0.01
5434,0.01
5436,0.01
5438,0.01
5440,0.01
5442,0.01
5444,0.01
5446,0.01
5448,0.008
5450,0.01
5452,0.008
5454,0.012
5456,0.008
5458,0.01
5460,0.012
5462,0.012
5464,0.012
5466,0.01
5468,0.012
5470,0.012
5472,0.012
5474,0.014
5476,0.016
5478,0.014
5480,0.012
5482,0.012
5484,0.01
5486,0.01
5488,0.012
5490,0.01
5492,0.008
5494,0.006
5496,0.006
5498,0.008
5500,0.006
5502,0.006
5504,0.006
5506,0.008
5508,0.008
5510,0.008
5512,0.01
5514,0.012
5516,0.012
5518,0.014
5520,0.014
5522,0.016
5524,0.016
5526,0.014
5528,0.014
5530,0.014
5532,0.014
5534,0.014
5536,0.014
5538,0.012
5540,0.01
5542,0.008
5544,0.008
5546,0.008
5548,0.01
5550,0.008
5552,0.008
5554,0.008
5556,0.008
5558,0.008
5560,0.006
5562,0.006
5564,0.008
5566,0.006
5568,0.006
5570,0.006
5572,0.006
5574,0.004
5576,0.004
5578,0.002
5580,0.004
5582,0.004
5584,0.004
5586,0.002
5588,0.004
5590,0.004
5592,0.004
5594,0.004
5596,0.004
5598,0.006
5600,0.006
5602,0.006
5604,0.006
5606,0.006
5608,0.006
5610,0.008
5612,0.012
5614,0.014
5616,0.014
5618,0.014
5620,0.014
5622,0.014
5624,0.016
5626,0.018
5628,0.016
5630,0.016
5632,0.014
5634,0.012
5636,0.01
5638,0.01
5640,0.01
5642,0.01
5644,0.012
5646,0.01
5648,0.01
5650,0.01
5652,0.01
5654,0.008
5656,0.01
5658,0.01
5660,0.008
5662,0.008
5664,0.008
5666,0.01
5668,0.012
5670,0.012
5672,0.014
5674,0.014
5676,0.014
5678,0.014
5680,0.012
5682,0.01
5684,0.008
5686,0.01
5688,0.01
5690,0.01
5692,0.008
5694,0.01
5696,0.008
5698,0.01
5700,0.008
5702,0.006
5704,0.01
5706,0.01
5708,0.012
5710,0.012
5712,0.014
5714,0.012
5716,0.012
5718,0.01
5720,0.012
5722,0.01
5724,0.012
5726,0.01
5728,0.01
5730,0.01
5732,0.006
5734,0.006
5736,0.004
5738,0.006
5740,0.006
5742,0.006
5744,0.004
5746,0.006
5748,0.006
5750,0.006
5752,0.008
5754,0.008
5756,0.008
5758,0.01
5760,0.01
5762,0.01
5764,0.012
5766,0.012
5768,0.014
5770,0.014
5772,0.012
5774,0.014
5776,0.012
5778,0.01
5780,0.008
5782,0.008
5784,0.008
5786,0.006
5788,0.006
5790,0.006
5792,0.004
5794,0.006
5796,0.004
5798,0.006
5800,0.006
5802,0.004
5804,0.006
5806,0.006
5808,0.008
5810,0.008
5812,0.008
5814,0.01
5816,0.01
5818,0.012
5820,0.012
5822,0.012
5824,0.012
5826,0.012
5828,0.012
5830,0.012
5832,0.012
5834,0.012
5836,0.014
5838,0.012
5840,0.012
5842,0.012
5844,0.01
5846,0.01
5848,0.012
5850,0.012
5852,0.01
5854,0.012
5856,0.014
5858,0.016
5860,0.016
5862,0.018
5864,0.016
5866,0.014
5868,0.012
5870,0.012
5872,0.01
5874,0.01
5876,0.01
5878,0.01
5880,0.008
5882,0.008
5884,0.008
5886,0.008
5888,0.008
5890,0.008
5892,0.008
5894,0.008
5896,0.01
5898,0.008
5900,0.008
5902,0.012
5904,0.012
5906,0.01
5908,0.01
5910,0.01
5912,0.01
5914,0.01
5916,0.012
5918,0.012
5920,0.01
5922,0.01
5924,0.008
5926,0.008
5928,0.008
5930,0.006
5932,0.008
5934,0.006
5936,0.006
5938,0.004
5940,0.006
5942,0.002
5944,0.006
5946,0.006
5948,0.006
5950,0.004
5952,0.006
5954,0.006
5956,0.006
5958,0.008
5960,0.006
5962,0.006
5964,0.006
5966,0.006
5968,0.008
5970,0.006
5972,0.008
5974,0.008
5976,0.01
5978,0.01
5980,0.012
5982,0.012
5984,0.012
5986,0.012
5988,0.014
5990,0.012
5992,0.012
5994,0.012
5996,0.012
5998,0.012
6000,0.012
6002,0.012
6004,0.012
6006,0.01
6008,0.012
6010,0.012
6012,0.012
6014,0.014
6016,0.012
6018,0.012
6020,0.01
6022,0.01
6024,0.01
6026,0.008
6028,0.01
6030,0.01
6032,0.008
6034,0.008
6036,0.01
6038,0.01
6040,0.01
6042,0.01
6044,0.012
6046,0.012
6048,0.014
6050,0.014
6052,0.016
6054,0.018
6056,0.018
6058,0.02
6060,0.02
6062,0.02
6064,0.02
6066,0.018
6068,0.018
6070,0.016
6072,0.014
6074,0.012
6076,0.01
6078,0.008
6080,0.004
6082,0.004
6088,-0.002
6089,-0.002
6091,-0.002
6093,-0.002
6095,0.002
6096,0.004
6097,0.006
6099,0.006
6100,0.008
6102,0.008
6104,0.008
6106,0.008
6108,0.01
6110,0.01
6112,0.01
6114,0.01
6116,0.008
6118,0.01
6120,0.008
6122,0.006
6124,0.006
6126,0.006
6128,0.008
6130,0.008
6132,0.01
6134,0.01
6136,0.01
6138,0.01
6140,0.01
6142,0.01
6144,0.012
6146,0.012
6148,0.014
6150,0.014
6152,0.014
6154,0.012
6156,0.014
6158,0.016
6160,0.016
6162,0.016
6164,0.012
6166,0.014
6168,0.012
6170,0.01
6172,0.01
6174,0.012
6176,0.012
6178,0.01
6180,0.01
6182,0.008
6184,0.006
6186,0.006
6188,0.008
6190,0.008
6192,0.01
6194,0.01
6196,0.01
6198,0.01
6200,0.01
6202,0.01
6204,0.01
6206,0.01
6208,0.014
6210,0.012
6212,0.01
6214,0.01
6216,0.01
6218,0.01
6220,0.012
6222,0.01
6224,0.012
6226,0.01
6228,0.01
6230,0.01
6232,0.01
6234,0.01
6236,0.012
6238,0.01
6240,0.01
6242,0.008
6244,0.01
6246,0.01
6248,0.01
6250,0.012
6252,0.01
6254,0.01
6256,0.01
6258,0.01
6260,0.01
6262,0.01
6264,0.01
6266,0.01
6268,0.01
6270,0.012
6272,0.012
6274,0.012
6276,0.01
6278,0.012
6280,0.01
6282,0.012
6284,0.01
6286,0.012
6288,0.012
6290,0.012
6292,0.012
6294,0.012
6296,0.01
6298,0.01
6300,0.01
6302,0.01
6304,0.01
6306,0.008
6308,0.008
6310,0.008
6312,0.006
6314,0.004
6316,0.004
6318,0.004
6320,0.004
6322,0.004
6324,0.004
6326,0.006
6328,0.008
6330,0.01
6332,0.01
6334,0.01
6336,0.012
6338,0.01
6340,0.012
6342,0.012
6344,0.012
6346,0.012
6348,0.01
6350,0.012
6352,0.012
6354,0.012
6356,0.014
6358,0.012
6360,0.014
6362,0.012
6364,0.01
6366,0.01
6368,0.01
6370,0.012
6372,0.01
6374,0.01
6376,0.01
6378,0.012
6380,0.012
6382,0.01
6384,0.01
6386,0.012
6388,0.01
6390,0.01
6392,0.01
6394,0.01
6396,0.01
6398,0.01
6400,0.01
6402,0.012
6404,0.012
6406,0.01
6408,0.01
6410,0.012
6412,0.01
6414,0.012
6416,0.01
6418,0.01
6420,0.008
6422,0.01
6424,0.008
6426,0.01
6428,0.008
6430,0.01
6432,0.01
6434,0.012
6436,0.012
6438,0.01
6440,0.012
6442,0.012
6444,0.01
6446,0.012
6448,0.012
6450,0.014
6452,0.01
6454,0.01
6456,0.008
6458,0.008
6460,0.008
6462,0.01
6464,0.01
6466,0.008
6468,0.006
6470,0.006
6472,0.004
6474,0.004
6476,0.004
6478,0.006
6480,0.008
6482,0.008
6484,0.008
6486,0.01
6488,0.012
6490,0.012
6492,0.012
6494,0.012
6496,0.014
6498,0.014
6500,0.014
6502,0.014
6504,0.012
6506,0.012
6508,0.012
6510,0.01
6512,0.01
6514,0.012
6516,0.012
6518,0.01
6520,0.01
6522,0.01
6524,0.008
6526,0.008
6528,0.006
6530,0.004
6532,0.006
6534,0.006
6536,0.01
6538,0.008
6540,0.01
6542,0.01
6544,0.01
6546,0.01
6548,0.012
6550,0.01
6552,0.01
6554,0.012
6556,0.01
6558,0.008
6560,0.01
6562,0.01
6564,0.012
6566,0.012
6568,0.012
6570,0.014
6572,0.014
6574,0.014
6576,0.016
6578,0.014
6580,0.018
6582,0.016
6584,0.018
6586,0.018
6588,0.018
6590,0.02
6592,0.018
6594,0.016
6596,0.016
6598,0.014
6600,0.014
6602,0.012
6604,0.01
6606,0.008
6608,0.006
6610,0.006
6612,0.004
6614,0.002
6616,0.002
6618,0.002
6620,0.002
6622,0.004
6624,0.004
6626,0.006
6628,0.008
6630,0.01
6632,0.008
6634,0.008
6636,0.01
6638,0.008
6640,0.01
6642,0.012
6644,0.01
6646,0.012
6648,0.012
6650,0.012
6652,0.01
6654,0.01
6656,0.01
6658,0.01
6660,0.01
6662,0.008
6664,0.008
6666,0.006
6668,0.006
6670,0.006
6672,0.008
6674,0.01
6676,0.01
6678,0.01
6680,0.01
6682,0.01
6684,0.012
6686,0.012
6688,0.01
6690,0.012
6692,0.012
6694,0.012
6696,0.012
6698,0.012
6700,0.01
6702,0.008
6704,0.01
6706,0.01
6708,0.01
6710,0.01
6712,0.01
6714,0.012
6716,0.012
6718,0.01
6720,0.012
6722,0.012
6724,0.014
6726,0.014
6728,0.014
6730,0.016
6732,0.016
6734,0.016
6736,0.018
6738,0.018
6740,0.016
6742,0.014
6744,0.012
6746,0.01
6748,0.008
6750,0.008
6752,0.008
6754,0.008
6756,0.008
6758,0.006
6760,0.004
6762,0.006
6764,0.006
6766,0.006
6768,0.008
6770,0.008
6772,0.008
6774,0.008
6776,0.008
6778,0.008
6780,0.01
6782,0.01
6784,0.012
6786,0.012
6788,0.014
6790,0.016
6792,0.014
6794,0.016
6796,0.014
6798,0.014
6800,0.016
6802,0.014
6804,0.014
6806,0.012
6808,0.014
6810,0.012
6812,0.01
6814,0.008
6816,0.01
6818,0.01
6820,0.01
6822,0.008
6824,0.006
6826,0.006
6828,0.006
6830,0.004
6832,0.006
6834,0.006
6836,0.006
6838,0.002
6840,0.004
6842,0.004
6844,0.006
6846,0.006
6848,0.006
6850,0.006
6852,0.006
6854,0.006
6856,0.008
6858,0.006
6860,0.01
6862,0.01
6864,0.008
6866,0.01
6868,0.01
6870,0.012
6872,0.016
6874,0.016
6876,0.016
6878,0.016
6880,0.014
6882,0.012
6884,0.012
6886,0.014
6888,0.012
6890,0.012
6892,0.01
6894,0.01
6896,0.008
6898,0.01
6900,0.01
6902,0.01
6904,0.008
6906,0.008
6908,0.008
6910,0.01
6912,0.008
6914,0.01
6916,0.01
6918,0.012
6920,0.012
6922,0.014
6924,0.014
6926,0.014
6928,0.016
6930,0.016
6932,0.016
6934,0.016
6936,0.014
6938,0.014
6940,0.012
6942,0.012
6944,0.01
6946,0.01
6948,0.01
6950,0.01
6952,0.01
6954,0.01
6956,0.01
6958,0.01
6960,0.01
6962,0.01
6964,0.008
6966,0.01
6968,0.012
6970,0.012
6972,0.012
6974,0.012
6976,0.012
6978,0.012
6980,0.01
6982,0.01
6984,0.01
6986,0.01
6988,0.006
6990,0.008
6992,0.006
6994,0.006
6996,0.004
6998,0.004
7000,0.004
7002,0.004
7004,0.004
7006,0.006
7008,0.008
7010,0.008
7012,0.008
7014,0.01
7016,0.012
7018,0.012
7020,0.012
7022,0.014
7024,0.012
7026,0.014
7028,0.012
7030,0.014
7032,0.012
7034,0.01
7036,0.008
7038,0.008
7040,0.008
7042,0.008
7044,0.006
7046,0.006
7048,0.006
7050,0.006
7052,0.008
7054,0.01
7056,0.01
7058,0.008
7060,0.008
7062,0.008
7064,0.008
7066,0.008
7068,0.008
7070,0.008
7072,0.008
7074,0.01
7076,0.01
7078,0.012
7080,0.012
7082,0.012
7084,0.012
7086,0.012
7088,0.012
7090,0.012
7092,0.012
7094,0.014
7096,0.016
7098,0.016
7100,0.016
7102,0.014
7104,0.014
7106,0.012
7108,0.01
7110,0.01
7112,0.012
7114,0.01
7116,0.012
7118,0.012
7120,0.012
7122,0.012
7124,0.012
7126,0.01
7128,0.01
7130,0.01
7132,0.012
7134,0.012
7136,0.01
7138,0.01
7140,0.01
7142,0.01
7144,0.008
7146,0.008
7148,0.008
7150,0.008
7152,0.008
7154,0.008
7156,0.008
7158,0.01
7160,0.01
7162,0.01
7164,0.012
7166,0.012
7168,0.014
7170,0.014
7172,0.014
7174,0.014
7176,0.014
7178,0.014
7180,0.014
7182,0.014
7184,0.012
7186,0.01
7188,0.01
7190,0.01
7192,0.01
7194,0.01
7196,0.008
7198,0.008
7200,0.008
7202,0.008
7204,0.006
7206,0.004
7208,0.004
7210,0.004
7212,0.004
7214,0.004
7216,0.006
7218,0.006
7220,0.008
7222,0.008
7224,0.008
7226,0.008
7228,0.008
7230,0.006
7232,0.006
7234,0.008
7236,0.008
7238,0.01
7240,0.01
7242,0.012
7244,0.012
7246,0.014
7248,0.012
7250,0.01
7252,0.01
7254,0.012
7256,0.01
7258,0.01
7260,0.012
7262,0.012
7264,0.012
7266,0.012
7268,0.01
7270,0.01
7272,0.012
7274,0.01
7276,0.012
7278,0.012
7280,0.01
7282,0.012
7284,0.012
7286,0.012
7288,0.012
7290,0.012
7292,0.008
7294,0.01
7296,0.012
7298,0.012
7300,0.01
7302,0.014
7304,0.014
7306,0.014
7308,0.016
7310,0.016
7312,0.018
7314,0.018
7316,0.018
7318,0.018
7320,0.018
7322,0.016
7324,0.016
7326,0.014
7328,0.014
7330,0.012
7332,0.01
7334,0.01
7336,0.008
7338,0.008
7340,0.006
7342,0.008
7344,0.008
7346,0.006
7348,0.006
7350,0.006
7352,0.004
7354,0.008
7356,0.006
7358,0.008
7360,0.008
7362,0.008
7364,0.006
7366,0.008
7368,0.008
7370,0.008
7372,0.01
7374,0.008
7376,0.004
7378,0.006
7380,0.006
7382,0.006
7384,0.006
7386,0.006
7388,0.006
7390,0.006
7392,0.008
7394,0.008
7396,0.008
7398,0.01
7400,0.012
7402,0.012
7404,0.014
7406,0.014
7408,0.014
7410,0.014
7412,0.012
7414,0.014
7416,0.014
7418,0.012
7420,0.01
7422,0.012
7424,0.01
7426,0.012
7428,0.012
7430,0.01
7432,0.008
7434,0.006
7436,0.004
7438,0.006
7440,0.006
7442,0.006
7444,0.006
7446,0.008
7448,0.008
7450,0.01
7452,0.01
7454,0.012
7456,0.014
7458,0.014
7460,0.014
7462,0.014
7464,0.016
7466,0.016
7468,0.016
7470,0.014
7472,0.014
7474,0.012
7476,0.01
7478,0.014
7480,0.012
7482,0.012
7484,0.01
7486,0.012
7488,0.01
7490,0.008
7492,0.008
7494,0.008
7496,0.008
7498,0.006
7500,0.008
7502,0.008
7504,0.008
7506,0.01
7508,0.01
7510,0.012
7512,0.01
7514,0.012
7516,0.012
7518,0.01
7520,0.008
7522,0.008
7524,0.008
7526,0.01
7528,0.01
7530,0.012
7532,0.012
7534,0.016
7536,0.016
7538,0.016
7540,0.016
7542,0.014
7544,0.014
7546,0.014
7548,0.014
7550,0.014
7552,0.014
7554,0.012
7556,0.012
7558,0.012
7560,0.012
7562,0.01
7564,0.008
7566,0.008
7568,0.008
7570,0.008
7572,0.006
7574,0.008
7576,0.008
7578,0.008
7580,0.008
7582,0.006
7584,0.006
7586,0.006
7588,0.008
7590,0.01
7592,0.006
7594,0.006
7596,0.008
7598,0.006
7600,0.006
7602,0.008
7604,0.01
7606,0.008
7608,0.01
7610,0.01
7612,0.01
7614,0.012
7616,0.012
7618,0.012
7620,0.012
7622,0.012
7624,0.01
7626,0.01
7628,0.012
7630,0.012
7632,0.012
7634,0.01
7636,0.01
7638,0.01
7640,0.01
7642,0.01
7644,0.01
7646,0.012
7648,0.012
7650,0.01
7652,0.01
7654,0.012
7656,0.008
7658,0.01
7660,0.01
7662,0.01
7664,0.01
7666,0.01
7668,0.012
7670,0.01
7672,0.012
7674,0.012
7676,0.012
7678,0.012
7680,0.014
7682,0.014
7684,0.016
7686,0.014
7688,0.016
7690,0.016
7692,0.014
7694,0.016
7696,0.016
7698,0.016
7700,0.016
7702,0.014
7704,0.012
7706,0.012
7708,0.01
7710,0.01
7712,0.008
7714,0.008
7716,0.008
7718,0.006
7720,0.006
7722,0.006
7724,0.006
7726,0.008
7728,0.008
7730,0.008
7732,0.008
7734,0.008
7736,0.01
7738,0.01
7740,0.008
7742,0.01
7744,0.008
7746,0.008
7748,0.008
7750,0.008
7752,0.01
7754,0.012
7756,0.014
7758,0.012
7760,0.012
7762,0.012
7764,0.01
7766,0.008
7768,0.008
7770,0.008
7772,0.01
7774,0.006
7776,0.008
7778,0.006
7780,0.006
7782,0.008
7784,0.004
7786,0.006
7788,0.006
7790,0.008
7792,0.01
7794,0.012
7796,0.012
7798,0.014
7800,0.012
7802,0.014
7804,0.012
7806,0.012
7808,0.012
7810,0.01
7812,0.01
7814,0.01
7816,0.008
7818,0.01
7820,0.01
7822,0.012
7824,0.012
7826,0.012
7828,0.016
7830,0.016
7832,0.018
7834,0.018
7836,0.018
7838,0.018
7840,0.018
7842,0.018
7844,0.018
7846,0.016
7848,0.016
7850,0.016
7852,0.016
7854,0.014
7856,0.012
7858,0.01
7860,0.008
7862,0.008
7864,0.008
7866,0.008
7868,0.006
7870,0.004
7872,0.002
7874,0.002
7876,0.004
7878,0.006
7880,0.006
7882,0.008
7884,0.006
7886,0.006
7888,0.006
7890,0.008
7892,0.008
7894,0.008
7896,0.01
7898,0.01
7900,0.012
7902,0.012
7904,0.01
7906,0.012
7908,0.01
7910,0.01
7912,0.012
7914,0.012
7916,0.01
7918,0.012
7920,0.01
7922,0.01
7924,0.01
7926,0.01
7928,0.01
7930,0.01
7932,0.008
7934,0.008
7936,0.008
7938,0.008
7940,0.008
7942,0.012
7944,0.01
7946,0.01
7948,0.01
7950,0.01
7952,0.01
7954,0.012
7956,0.012
7958,0.01
7960,0.008
7962,0.01
7964,0.008
7966,0.008
7968,0.008
7970,0.008
7972,0.01
7974,0.01
7976,0.012
7978,0.012
7980,0.012
7982,0.012
7984,0.012
7986,0.012
7988,0.014
7990,0.014
7992,0.016
7994,0.018
7996,0.016
7998,0.016
8000,0.016
8002,0.014
8004,0.012
8006,0.012
8008,0.012
8010,0.012
8012,0.012
8014,0.01
8016,0.008
8018,0.008
8020,0.006
8022,0.006
8024,0.006
8026,0.008
8028,0.008
8030,0.008
8032,0.008
8034,0.008
8036,0.01
8038,0.01
8040,0.012
8042,0.012
8044,0.012
8046,0.012
8048,0.01
8050,0.01
8052,0.01
8054,0.01
8056,0.01
8058,0.01
8060,0.008
8062,0.008
8064,0.008
8066,0.008
8068,0.01
8070,0.01
8072,0.01
8074,0.01
8076,0.008
8078,0.01
8080,0.01
8082,0.01
8084,0.01
8086,0.008
8088,0.01
8090,0.01
8092,0.008
8094,0.01
8096,0.012
8098,0.012
8100,0.01
8102,0.01
8104,0.01
8106,0.008
8108,0.01
8110,0.01
8112,0.01
8114,0.008
8116,0.012
8118,0.012
8120,0.012
8122,0.014
8124,0.014
8126,0.016
8128,0.016
8130,0.014
8132,0.014
8134,0.016
8136,0.016
8138,0.018
8140,0.014
8142,0.012
8144,0.012
8146,0.01
8148,0.01
8150,0.01
8152,0.01
8154,0.008
8156,0.01
8158,0.01
8160,0.012
8162,0.01
8164,0.01
8166,0.01
8168,0.008
8170,0.006
8172,0.004
8174,0.004
8176,0.004
8178,0.006
8180,0.006
8182,0.008
8184,0.008
8186,0.008
8188,0.01
8190,0.01
8192,0.01
8194,0.01
8196,0.012
8198,0.01
8200,0.01
8202,0.008
8204,0.01
8206,0.01
8208,0.012
8210,0.014
8212,0.016
8214,0.014
8216,0.016
8218,0.016
8220,0.016
8222,0.016
8224,0.016
8226,0.014
8228,0.012
8230,0.012
8232,0.01
8234,0.01
8236,0.008
8238,0.008
8240,0.008
8242,0.008
8244,0.008
8246,0.008
8248,0.008
8250,0.006
8252,0.004
8254,0.004
8256,0.004
8258,0.004
8260,0.004
8262,0.004
8264,0.008
8266,0.008
8268,0.01
8270,0.01
8272,0.012
8274,0.012
8276,0.016
8278,0.014
8280,0.016
8282,0.016
8284,0.016
8286,0.016
8288,0.018
8290,0.016
8292,0.014
8294,0.016
8296,0.016
8298,0.014
8300,0.012
8302,0.01
8304,0.008
8306,0.006
8308,0.008
8310,0.008
8312,0.008
8314,0.004
8316,0.006
8318,0.006
8320,0.006
8322,0.008
8324,0.01
8326,0.008
8328,0.008
8330,0.008
8332,0.008
8334,0.01
8336,0.01
8338,0.01
8340,0.012
8342,0.012
8344,0.012
8346,0.012
8348,0.014
8350,0.012
8352,0.012
8354,0.018
8356,0.016
8358,0.014
8360,0.016
8362,0.014
8364,0.014
8366,0.014
8368,0.012
8370,0.012
8372,0.012
8374,0.014
8376,0.014
8378,0.014
8380,0.012
8382,0.012
8384,0.012
8386,0.01
8388,0.01
8390,0.008
8392,0.004
8394,0.002
8396,0.004
8398,0.004
8400,0.004
8402,0.006
8404,0.006
8406,0.006
8408,0.006
8410,0.008
8412,0.008
8414,0.01
8416,0.012
8418,0.01
8420,0.01
8422,0.01
8424,0.01
8426,0.01
8428,0.01
8430,0.012
8432,0.012
8434,0.012
8436,0.012
8438,0.012
8440,0.014
8442,0.014
8444,0.012
8446,0.012
8448,0.014
8450,0.01
8452,0.008
8454,0.01
8456,0.01
8458,0.01
8460,0.01
8462,0.01
8464,0.008
8466,0.01
8468,0.01
8470,0.01
8472,0.008
8474,0.01
8476,0.01
8478,0.01
8480,0.008
8482,0.008
8484,0.01
8486,0.01
8488,0.008
8490,0.008
8492,0.008
8494,0.006
8496,0.006
8498,0.008
8500,0.008
8502,0.01
8504,0.012
8506,0.012
8508,0.01
8510,0.012
8512,0.012
8514,0.012
8516,0.012
8518,0.014
8520,0.014
8522,0.014
8524,0.014
8526,0.014
8528,0.012
8530,0.012
8532,0.012
8534,0.012
8536,0.012
8538,0.01
8540,0.008
8542,0.01
8544,0.01
8546,0.012
8548,0.012
8550,0.014
8552,0.012
8554,0.012
8556,0.014
8558,0.01
8560,0.014
8562,0.014
8564,0.016
8566,0.016
8568,0.014
8570,0.014
8572,0.016
8574,0.016
8576,0.014
8578,0.016
8580,0.014
8582,0.014
8584,0.014
8586,0.01
8588,0.01
8590,0.012
8592,0.01
8594,0.01
8596,0.008
8598,0.006
8600,0.006
8602,0.006
8604,0.006
8606,0.006
8608,0.004
8610,0.006
8612,0.006
8614,0.004
8616,0.006
8618,0.006
8620,0.006
8622,0.006
8624,0.006
8626,0.006
8628,0.004
8630,0.006
8632,0.006
8634,0.008
8636,0.008
8638,0.008
8640,0.008
8642,0.008
8644,0.008
8646,0.01
8648,0.014
8650,0.014
8652,0.014
8654,0.016
8656,0.018
8658,0.014
8660,0.016
8662,0.016
8664,0.014
8666,0.014
8668,0.016
8670,0.016
8672,0.014
8674,0.012
8676,0.012
8678,0.014
8680,0.012
8682,0.01
8684,0.012
8686,0.008
8688,0.01
8690,0.008
8692,0.006
8694,0.008
8696,0.008
8698,0.01
8700,0.008
8702,0.01
8704,0.008
8706,0.012
8708,0.012
8710,0.014
8712,0.014
8714,0.016
8716,0.016
8718,0.016
8720,0.016
8722,0.014
8724,0.014
8726,0.012
8728,0.014
8730,0.014
8732,0.012
8734,0.012
8736,0.01
8738,0.01
8740,0.008
8742,0.008
8744,0.008
8746,0.008
8748,0.008
8750,0.006
8752,0.004
8754,0.006
8756,0.006
8758,0.008
8760,0.008
8762,0.01
8764,0.01
8766,0.01
8768,0.01
8770,0.01
8772,0.008
8774,0.01
8776,0.006
8778,0.008
8780,0.008
8782,0.008
8784,0.008
8786,0.01
8788,0.006
8790,0.008
8792,0.008
8794,0.01
8796,0.012
8798,0.012
8800,0.012
8802,0.014
8804,0.012
8806,0.014
8808,0.016
8810,0.016
8812,0.016
8814,0.016
8816,0.016
8818,0.014
8820,0.014
8822,0.014
8824,0.012
8826,0.01
8828,0.01
8830,0.008
8832,0.008
8834,0.006
8836,0.004
8838,0.004
8840,0.006
8842,0.008
8844,0.008
8846,0.006
8848,0.008
8850,0.008
8852,0.008
8854,0.01
8856,0.01
8858,0.012
8860,0.012
8862,0.014
8864,0.014
8866,0.016
8868,0.016
8870,0.016
8872,0.016
8874,0.018
8876,0.014
8878,0.014
8880,0.012
8882,0.012
8884,0.012
8886,0.012
8888,0.01
8890,0.01
8892,0.01
8894,0.012
8896,0.01
8898,0.012
8900,0.012
8902,0.01
8904,0.01
8906,0.01
8908,0.008
8910,0.008
8912,0.008
8914,0.01
8916,0.008
8918,0.01
8920,0.008
8922,0.008
8924,0.01
8926,0.01
8928,0.01
8930,0.01
8932,0.01
8934,0.01
8936,0.01
8938,0.01
8940,0.01
8942,0.012
8944,0.01
8946,0.012
8948,0.012
8950,0.014
8952,0.016
8954,0.014
8956,0.016
8958,0.016
8960,0.012
8962,0.012
8964,0.014
8966,0.012
8968,0.012
8970,0.012
8972,0.01
8974,0.008
8976,0.008
8978,0.01
8980,0.008
8982,0.008
8984,0.008
8986,0.006
8988,0.004
8990,0.006
8992,0.006
8994,0.006
8996,0.008
8998,0.008
9000,0.008
9002,0.008
9004,0.008
9006,0.008
9008,0.01
9010,0.012
9012,0.012
9014,0.014
9016,0.014
9018,0.012
9020,0.012
9022,0.012
9024,0.01
9026,0.01
9028,0.01
9030,0.01
9032,0.006
9034,0.008
9036,0.008
9038,0.008
9040,0.01
9042,0.01
9044,0.008
9046,0.01
9048,0.006
9050,0.008
9052,0.006
9054,0.008
9056,0.01
9058,0.012
9060,0.012
9062,0.01
9064,0.01
9066,0.01
9068,0.01
9070,0.01
9072,0.01
9074,0.012
9076,0.01
9078,0.01
9080,0.012
9082,0.014
9084,0.012
9086,0.012
9088,0.012
9090,0.014
9092,0.012
9094,0.012
9096,0.014
9098,0.012
9100,0.016
9102,0.016
9104,0.018
9106,0.018
9108,0.016
9110,0.016
9112,0.014
9114,0.012
9116,0.012
9118,0.01
9120,0.008
9122,0.008
9124,0.006
9126,0.008
9128,0.006
9130,0.008
9132,0.008
9134,0.008
9136,0.008
9138,0.01
9140,0.01
9142,0.012
9144,0.012
9146,0.012
9148,0.01
9150,0.008
9152,0.008
9154,0.008
9156,0.008
9158,0.01
9160,0.01
9162,0.01
9164,0.012
9166,0.01
9168,0.01
9170,0.01
9172,0.008
9174,0.008
9176,0.008
9178,0.01
9180,0.01
9182,0.008
9184,0.01
9186,0.008
9188,0.008
9190,0.008
9192,0.01
9194,0.01
9196,0.01
9198,0.008
9200,0.01
9202,0.01
9204,0.01
9206,0.008
9208,0.008
9210,0.008
9212,0.008
9214,0.008
9216,0.006
9218,0.006
9220,0.006
9222,0.006
9224,0.006
9226,0.008
9228,0.008
9230,0.008
9232,0.008
9234,0.01
9236,0.012
9238,0.014
9240,0.016
9242,0.016
9244,0.016
9246,0.018
9248,0.016
9250,0.018
9252,0.016
9254,0.02
9256,0.018
9258,0.018
9260,0.016
9262,0.018
9264,0.016
9266,0.014
9268,0.014
9270,0.012
9272,0.01
9274,0.01
9276,0.01
9278,0.008
9280,0.008
9282,0.008
9284,0.008
9286,0.008
9288,0.008
9290,0.008
9292,0.01
9294,0.01
9296,0.01
9298,0.01
9300,0.01
9302,0.008
9304,0.01
9306,0.01
9308,0.008
9310,0.008
9312,0.008
9314,0.01
9316,0.008
9318,0.01
9320,0.012
9322,0.012
9324,0.012
9326,0.01
9328,0.01
9330,0.01
9332,0.01
9334,0.014
9336,0.012
9338,0.014
9340,0.014
9342,0.01
9344,0.01
9346,0.01
9348,0.008
9350,0.008
9352,0.008
9354,0.008
9356,0.008
9358,0.008
9360,0.006
9362,0.008
9364,0.006
9366,0.008
9368,0.008
9370,0.008
9372,0.008
9374,0.01
9376,0.012
9378,0.012
9380,0.01
9382,0.012
9384,0.012
9386,0.012
9388,0.012
9390,0.012
9392,0.014
9394,0.014
9396,0.016
9398,0.016
9400,0.018
9402,0.02
9404,0.02
9406,0.016
9408,0.014
9410,0.012
9412,0.012
9414,0.012
9416,0.012
9418,0.01
9420,0.01
9422,0.006
9424,0.006
9426,0.006
9428,0.006
9430,0.004
9432,0.004
9434,0.004
9436,0.006
9438,0.008
9440,0.008
9442,0.01
9444,0.01
9446,0.012
9448,0.012
9450,0.012
9452,0.01
9454,0.01
9456,0.008
9458,0.01
9460,0.01
9462,0.01
9464,0.012
9466,0.012
9468,0.012
9470,0.012
9472,0.012
9474,0.014
9476,0.014
9478,0.014
9480,0.014
9482,0.014
9484,0.014
9486,0.014
9488,0.014
9490,0.012
9492,0.014
9494,0.01
9496,0.012
9498,0.014
9500,0.012
9502,0.012
9504,0.01
9506,0.008
9508,0.008
9510,0.006
9512,0.002
9514,0.006
9516,0.004
9518,0.006
9520,0.008
9522,0.008
9524,0.006
9526,0.01
9528,0.01
9530,0.012
9532,0.01
9534,0.014
9536,0.012
9538,0.014
9540,0.012
9542,0.012
9544,0.012
9546,0.012
9548,0.012
9550,0.014
9552,0.012
9554,0.01
9556,0.012
9558,0.012
9560,0.012
9562,0.012
9564,0.01
9566,0.01
9568,0.01
9570,0.01
9572,0.01
9574,0.008
9576,0.01
9578,0.01
9580,0.01
9582,0.008
9584,0.008
9586,0.01
9588,0.008
9590,0.01
9592,0.01
9594,0.008
9596,0.008
9598,0.008
9600,0.008
9602,0.008
9604,0.01
9606,0.01
9608,0.01
9610,0.012
9612,0.01
9614,0.012
9616,0.012
9618,0.014
9620,0.012
9622,0.014
9624,0.014
9626,0.014
9628,0.014
9630,0.01
9632,0.012
9634,0.012
9636,0.012
9638,0.012
9640,0.01
9642,0.01
9644,0.008
9646,0.006
9648,0.004
9650,0.004
9652,0.006
9654,0.006
9656,0.008
9658,0.008
9660,0.008
9662,0.008
9664,0.01
9666,0.01
9668,0.008
9670,0.008
9672,0.008
9674,0.01
9676,0.01
9678,0.01
9680,0.012
9682,0.014
9684,0.014
9686,0.016
9688,0.016
9690,0.016
9692,0.016
9694,0.014
9696,0.016
9698,0.014
9700,0.012
9702,0.012
9704,0.012
9706,0.012
9708,0.01
9710,0.012
9712,0.01
9714,0.01
9716,0.008
9718,0.008
9720,0.01
9722,0.01
9724,0.01
9726,0.008
9728,0.01
9730,0.01
9732,0.01
9734,0.01
9736,0.008
9738,0.008
9740,0.008
9742,0.01
9744,0.01
9746,0.01
9748,0.008
9750,0.008
9752,0.006
9754,0.008
9756,0.01
9758,0.012
9760,0.014
9762,0.012
9764,0.012
9766,0.014
9768,0.014
9770,0.016
9772,0.016
9774,0.014
9776,0.014
9778,0.014
9780,0.014
9782,0.014
9784,0.012
9786,0.012
9788,0.014
9790,0.012
9792,0.01
9794,0.01
9796,0.008
9798,0.008
9800,0.006
9802,0.008
9804,0.006
9806,0.006
9808,0.008
9810,0.01
9812,0.008
9814,0.01
9816,0.012
9818,0.01
9820,0.008
9822,0.008
9824,0.01
9826,0.01
9828,0.01
9830,0.012
9832,0.014
9834,0.014
9836,0.014
9838,0.012
9840,0.012
9842,0.014
9844,0.012
9846,0.012
9848,0.012
9850,0.012
9852,0.012
9854,0.012
9856,0.008
9858,0.008
9860,0.008
9862,0.008
9864,0.008
9866,0.008
9868,0.008
9870,0.008
9872,0.01
9874,0.01
9876,0.012
9878,0.01
9880,0.012
9882,0.012
9884,0.01
9886,0.01
9888,0.01
9890,0.008
9892,0.008
9894,0.008
9896,0.008
9898,0.01
9900,0.008
9902,0.008
9904,0.01
9906,0.01
9908,0.01
9910,0.012
9912,0.012
9914,0.012
9916,0.014
9918,0.014
9920,0.016
9922,0.016
9924,0.016
9926,0.014
9928,0.012
9930,0.014
9932,0.014
9934,0.014
9936,0.012
9938,0.012
9940,0.01
9942,0.008
9944,0.006
9946,0.006
9948,0.004
9950,0.006
9952,0.004
9954,0.006
9956,0.008
9958,0.008
9960,0.008
9962,0.012
9964,0.01
9966,0.01
9968,0.01
9970,0.01
9972,0.012
9974,0.014
9976,0.012
9978,0.012
9980,0.012
9982,0.016
9984,0.014
9986,0.016
9988,0.016
9990,0.018
9992,0.016
9994,0.018
9996,0.018
9998,0.016
